Timestamp,pH,Turbidity_NTU,TDS_ppm,Temperature_C,Flow_Rate_Lmin,Water_Quality_Index
2024-01-15 06:00:00,7.2,0.8,145,22.1,0.5,95
2024-01-15 06:15:00,7.2,0.9,148,22.2,0.3,94
2024-01-15 06:30:00,7.1,0.8,147,22.3,0.4,95
2024-01-15 06:45:00,7.2,0.9,149,22.4,0.6,94
2024-01-15 07:00:00,7.1,1.0,151,22.5,1.2,93
2024-01-15 07:15:00,7.0,1.1,153,22.6,2.3,92
2024-01-15 07:30:00,7.0,1.3,156,22.8,3.1,91
2024-01-15 07:45:00,6.9,1.4,158,23.0,3.5,90
2024-01-15 08:00:00,6.9,1.6,162,23.2,4.2,89
2024-01-15 08:15:00,6.8,1.7,165,23.5,4.8,88
2024-01-15 08:30:00,6.8,1.8,167,23.7,5.1,87
2024-01-15 08:45:00,6.9,1.9,169,24.0,5.3,86
2024-01-15 09:00:00,6.9,2.0,171,24.2,5.5,85
2024-01-15 09:15:00,7.0,2.1,168,24.3,5.2,86
2024-01-15 09:30:00,7.0,2.0,166,24.4,4.8,87
2024-01-15 09:45:00,7.1,1.9,164,24.5,4.5,88
2024-01-15 10:00:00,7.1,1.8,162,24.6,4.2,89
2024-01-15 10:15:00,7.2,1.7,160,24.5,3.8,90
2024-01-15 10:30:00,7.2,1.6,158,24.4,3.5,91
2024-01-15 10:45:00,7.2,1.5,156,24.3,3.2,92
2024-01-15 11:00:00,7.1,1.4,154,24.2,2.8,92
2024-01-15 11:15:00,7.1,1.5,155,24.3,3.1,91
2024-01-15 11:30:00,7.0,1.6,157,24.5,3.8,90
2024-01-15 11:45:00,7.0,1.8,160,24.7,4.5,89
2024-01-15 12:00:00,6.9,2.1,165,25.0,6.2,86
2024-01-15 12:15:00,6.8,2.4,170,25.3,7.8,83
2024-01-15 12:30:00,6.8,2.7,175,25.6,8.5,81
2024-01-15 12:45:00,6.7,3.0,180,25.9,9.1,79
2024-01-15 13:00:00,6.7,3.2,185,26.2,9.5,77
2024-01-15 13:15:00,6.6,3.4,188,26.4,9.8,75
2024-01-15 13:30:00,6.6,3.5,190,26.5,9.6,74
2024-01-15 13:45:00,6.7,3.3,187,26.4,9.2,76
2024-01-15 14:00:00,6.7,3.1,184,26.2,8.7,78
2024-01-15 14:15:00,6.8,2.9,180,26.0,8.1,80
2024-01-15 14:30:00,6.8,2.7,176,25.8,7.5,82
2024-01-15 14:45:00,6.9,2.5,172,25.5,6.8,84
2024-01-15 15:00:00,6.9,2.3,168,25.2,6.2,86
2024-01-15 15:15:00,7.0,2.1,165,25.0,5.5,87
2024-01-15 15:30:00,7.0,2.0,162,24.8,5.0,88
2024-01-15 15:45:00,7.1,1.8,160,24.6,4.5,89
2024-01-15 16:00:00,7.1,1.7,158,24.5,4.2,90
2024-01-15 16:15:00,7.2,1.6,156,24.4,3.9,91
2024-01-15 16:30:00,7.2,1.5,154,24.3,3.8,92
2024-01-15 16:45:00,7.2,1.6,155,24.4,4.2,91
2024-01-15 17:00:00,7.1,1.8,158,24.6,5.1,89
2024-01-15 17:15:00,7.0,2.1,163,24.9,6.5,86
2024-01-15 17:30:00,6.9,2.5,169,25.2,7.8,83
2024-01-15 17:45:00,6.9,2.8,174,25.5,8.6,81
2024-01-15 18:00:00,6.8,3.1,179,25.8,9.2,79
2024-01-15 18:15:00,6.8,3.3,183,26.0,9.5,77
2024-01-15 18:30:00,6.7,3.5,187,26.2,9.7,75
2024-01-15 18:45:00,6.7,3.4,185,26.1,9.4,76
2024-01-15 19:00:00,6.8,3.2,182,25.9,8.9,78
2024-01-15 19:15:00,6.8,3.0,178,25.7,8.3,80
2024-01-15 19:30:00,6.9,2.7,174,25.4,7.6,82
2024-01-15 19:45:00,6.9,2.5,170,25.1,6.9,84
2024-01-15 20:00:00,7.0,2.2,166,24.8,6.1,86
2024-01-15 20:15:00,7.0,2.0,162,24.5,5.3,88
2024-01-15 20:30:00,7.1,1.8,159,24.2,4.6,89
2024-01-15 20:45:00,7.1,1.6,156,23.9,3.8,91
2024-01-15 21:00:00,7.2,1.4,153,23.6,3.1,92
2024-01-15 21:15:00,7.2,1.3,151,23.4,2.5,93
2024-01-15 21:30:00,7.3,1.2,149,23.2,2.0,94
2024-01-15 21:45:00,7.3,1.1,147,23.0,1.5,94
2024-01-15 22:00:00,7.3,1.0,146,22.8,1.2,95
2024-01-15 22:15:00,7.3,0.9,145,22.6,0.9,95
2024-01-15 22:30:00,7.2,0.9,144,22.5,0.7,95
2024-01-15 22:45:00,7.2,0.8,143,22.4,0.5,96
2024-01-15 23:00:00,7.2,0.8,143,22.3,0.4,96
2024-01-15 23:15:00,7.2,0.8,142,22.2,0.3,96
2024-01-15 23:30:00,7.2,0.8,142,22.1,0.2,96
2024-01-15 23:45:00,7.2,0.8,142,22.0,0.2,96
2024-01-16 00:00:00,7.2,0.7,141,22.0,0.1,96
2024-01-16 00:15:00,7.2,0.7,141,21.9,0.1,96
2024-01-16 00:30:00,7.2,0.7,141,21.9,0.1,96
2024-01-16 00:45:00,7.2,0.7,141,21.8,0.1,96
2024-01-16 01:00:00,7.2,0.7,141,21.8,0.1,96
2024-01-16 01:15:00,7.2,0.7,141,21.8,0.1,96
2024-01-16 01:30:00,7.2,0.7,141,21.7,0.1,96
2024-01-16 01:45:00,7.2,0.7,141,21.7,0.0,96
2024-01-16 02:00:00,7.2,0.7,141,21.7,0.0,96
2024-01-16 02:15:00,7.2,0.7,141,21.7,0.0,96
2024-01-16 02:30:00,7.2,0.7,141,21.7,0.0,96
2024-01-16 02:45:00,7.2,0.7,141,21.6,0.0,96
2024-01-16 03:00:00,7.2,0.7,141,21.6,0.0,96
2024-01-16 03:15:00,7.2,0.7,141,21.6,0.0,96
2024-01-16 03:30:00,7.2,0.7,141,21.6,0.0,96
2024-01-16 03:45:00,7.2,0.7,141,21.6,0.0,96
2024-01-16 04:00:00,7.2,0.7,141,21.6,0.0,96
2024-01-16 04:15:00,7.2,0.7,141,21.6,0.0,96
2024-01-16 04:30:00,7.2,0.7,141,21.6,0.0,96
2024-01-16 04:45:00,7.2,0.7,141,21.6,0.0,96
2024-01-16 05:00:00,7.2,0.7,141,21.6,0.0,96
2024-01-16 05:15:00,7.2,0.7,141,21.6,0.1,96
2024-01-16 05:30:00,7.2,0.7,142,21.7,0.2,96
2024-01-16 05:45:00,7.2,0.8,142,21.8,0.3,95
2024-01-16 06:00:00,7.2,0.8,143,21.9,0.5,95
2024-01-16 06:15:00,7.2,0.8,144,22.0,0.7,95
2024-01-16 06:30:00,7.1,0.9,145,22.2,1.0,94
2024-01-16 06:45:00,7.1,1.0,147,22.4,1.5,93
2024-01-16 07:00:00,7.0,1.2,150,22.7,2.3,92
2024-01-16 07:15:00,7.0,1.4,153,23.0,3.2,90
2024-01-16 07:30:00,6.9,1.6,157,23.3,4.1,88
2024-01-16 07:45:00,6.9,1.8,161,23.6,4.8,87
2024-01-16 08:00:00,6.8,2.0,165,23.9,5.4,85
2024-01-16 08:15:00,6.8,2.2,169,24.2,5.9,83
2024-01-16 08:30:00,6.8,2.4,172,24.5,6.2,82
2024-01-16 08:45:00,6.7,2.5,175,24.7,6.4,80
2024-01-16 09:00:00,6.7,2.6,177,24.9,6.5,79
2024-01-16 09:15:00,6.8,2.5,175,24.8,6.2,80
2024-01-16 09:30:00,6.8,2.4,172,24.6,5.8,82
2024-01-16 09:45:00,6.9,2.2,169,24.4,5.4,84
2024-01-16 10:00:00,6.9,2.1,166,24.2,5.0,85
2024-01-16 10:15:00,7.0,1.9,163,24.0,4.6,87
2024-01-16 10:30:00,7.0,1.8,160,23.8,4.2,88
2024-01-16 10:45:00,7.1,1.6,157,23.6,3.8,90
2024-01-16 11:00:00,7.1,1.5,155,23.5,3.5,91
2024-01-16 11:15:00,7.1,1.6,156,23.6,3.9,90
2024-01-16 11:30:00,7.0,1.8,159,23.9,4.6,88
2024-01-16 11:45:00,7.0,2.0,163,24.2,5.3,86
2024-01-16 12:00:00,6.9,2.3,168,24.6,6.5,84
2024-01-16 12:15:00,6.8,2.7,174,25.0,7.9,81
2024-01-16 12:30:00,6.8,3.0,179,25.4,8.7,78
2024-01-16 12:45:00,6.7,3.3,185,25.8,9.3,76
2024-01-16 13:00:00,6.6,3.6,190,26.1,9.7,73
2024-01-16 13:15:00,6.6,3.8,195,26.4,10.0,71
2024-01-16 13:30:00,6.5,4.0,199,26.6,10.1,69
2024-01-16 13:45:00,6.6,3.8,196,26.5,9.8,71
2024-01-16 14:00:00,6.6,3.6,192,26.3,9.4,73
2024-01-16 14:15:00,6.7,3.3,188,26.0,8.9,75
2024-01-16 14:30:00,6.7,3.1,183,25.7,8.3,78
2024-01-16 14:45:00,6.8,2.8,179,25.4,7.6,80
2024-01-16 15:00:00,6.8,2.6,174,25.1,6.9,82
2024-01-16 15:15:00,6.9,2.3,170,24.8,6.2,84
2024-01-16 15:30:00,6.9,2.1,166,24.5,5.5,86
2024-01-16 15:45:00,7.0,1.9,162,24.2,4.9,88
2024-01-16 16:00:00,7.0,1.7,159,24.0,4.4,89
2024-01-16 16:15:00,7.1,1.6,156,23.8,4.0,90
2024-01-16 16:30:00,7.1,1.5,154,23.7,3.8,91
2024-01-16 16:45:00,7.1,1.6,155,23.8,4.3,90
2024-01-16 17:00:00,7.0,1.9,160,24.1,5.3,88
2024-01-16 17:15:00,6.9,2.3,166,24.5,6.7,85
2024-01-16 17:30:00,6.9,2.6,172,24.9,7.9,82
2024-01-16 17:45:00,6.8,3.0,178,25.3,8.8,79
2024-01-16 18:00:00,6.7,3.3,184,25.7,9.4,76
2024-01-16 18:15:00,6.7,3.5,189,26.0,9.8,74
2024-01-16 18:30:00,6.6,3.7,193,26.2,10.0,72
2024-01-16 18:45:00,6.6,3.6,191,26.1,9.7,73
2024-01-16 19:00:00,6.7,3.4,187,25.9,9.2,75
2024-01-16 19:15:00,6.7,3.1,183,25.6,8.6,77
2024-01-16 19:30:00,6.8,2.9,179,25.3,7.9,80
2024-01-16 19:45:00,6.8,2.6,174,25.0,7.2,82
2024-01-16 20:00:00,6.9,2.4,170,24.7,6.4,84
2024-01-16 20:15:00,6.9,2.1,166,24.4,5.7,86
2024-01-16 20:30:00,7.0,1.9,162,24.1,5.0,88
2024-01-16 20:45:00,7.0,1.7,159,23.8,4.3,89
2024-01-16 21:00:00,7.1,1.5,156,23.5,3.7,91
2024-01-16 21:15:00,7.1,1.4,153,23.2,3.1,92
2024-01-16 21:30:00,7.2,1.2,151,23.0,2.6,93
2024-01-16 21:45:00,7.2,1.1,149,22.8,2.1,94
2024-01-16 22:00:00,7.2,1.0,147,22.6,1.7,94
2024-01-16 22:15:00,7.2,0.9,145,22.4,1.3,95
2024-01-16 22:30:00,7.2,0.9,144,22.3,1.0,95
2024-01-16 22:45:00,7.2,0.8,143,22.2,0.7,95
2024-01-16 23:00:00,7.2,0.8,143,22.1,0.5,96
2024-01-16 23:15:00,7.2,0.8,142,22.0,0.4,96
2024-01-16 23:30:00,7.2,0.8,142,21.9,0.3,96
2024-01-16 23:45:00,7.2,0.8,142,21.9,0.2,96
2024-01-17 00:00:00,7.2,0.7,141,21.8,0.1,96
2024-01-17 00:15:00,7.2,0.7,141,21.8,0.1,96
2024-01-17 00:30:00,7.2,0.7,141,21.8,0.1,96
2024-01-17 00:45:00,7.2,0.7,141,21.7,0.1,96
2024-01-17 01:00:00,7.2,0.7,141,21.7,0.0,96
2024-01-17 01:15:00,7.2,0.7,141,21.7,0.0,96
2024-01-17 01:30:00,7.2,0.7,141,21.7,0.0,96
2024-01-17 01:45:00,7.2,0.7,141,21.7,0.0,96
2024-01-17 02:00:00,7.2,0.7,141,21.7,0.0,96
2024-01-17 02:15:00,7.2,0.7,141,21.7,0.0,96
2024-01-17 02:30:00,7.2,0.7,141,21.6,0.0,96
2024-01-17 02:45:00,7.2,0.7,141,21.6,0.0,96
2024-01-17 03:00:00,7.2,0.7,141,21.6,0.0,96
2024-01-17 03:15:00,7.2,0.7,141,21.6,0.0,96
2024-01-17 03:30:00,7.2,0.7,141,21.6,0.0,96
2024-01-17 03:45:00,7.2,0.7,141,21.6,0.0,96
2024-01-17 04:00:00,7.2,0.7,141,21.6,0.0,96
2024-01-17 04:15:00,7.2,0.7,141,21.6,0.0,96
2024-01-17 04:30:00,7.2,0.7,141,21.6,0.0,96
2024-01-17 04:45:00,7.2,0.7,141,21.6,0.0,96
2024-01-17 05:00:00,7.2,0.7,141,21.6,0.0,96
2024-01-17 05:15:00,7.2,0.7,141,21.6,0.1,96
2024-01-17 05:30:00,7.2,0.7,142,21.7,0.2,96
2024-01-17 05:45:00,7.2,0.8,142,21.8,0.3,95
2024-01-17 06:00:00,7.2,0.8,143,21.9,0.6,95
2024-01-17 06:15:00,7.1,0.9,145,22.1,0.9,94
2024-01-17 06:30:00,7.1,1.0,147,22.3,1.4,93
2024-01-17 06:45:00,7.0,1.2,150,22.6,2.1,92
2024-01-17 07:00:00,7.0,1.4,154,22.9,2.9,90
2024-01-17 07:15:00,6.9,1.7,158,23.3,3.8,88
2024-01-17 07:30:00,6.9,1.9,163,23.6,4.6,86
2024-01-17 07:45:00,6.8,2.1,167,24.0,5.3,84
2024-01-17 08:00:00,6.8,2.4,172,24.3,5.9,82
2024-01-17 08:15:00,6.7,2.6,176,24.6,6.4,80
2024-01-17 08:30:00,6.7,2.8,180,24.9,6.8,78
2024-01-17 08:45:00,6.6,3.0,184,25.2,7.1,76
2024-01-17 09:00:00,6.6,3.2,188,25.4,7.3,74
2024-01-17 09:15:00,6.7,3.0,185,25.3,7.0,76
2024-01-17 09:30:00,6.7,2.8,181,25.0,6.6,78
2024-01-17 09:45:00,6.8,2.6,177,24.8,6.1,80
2024-01-17 10:00:00,6.8,2.4,173,24.5,5.6,82
2024-01-17 10:15:00,6.9,2.2,169,24.2,5.1,84
2024-01-17 10:30:00,6.9,2.0,165,24.0,4.7,86
2024-01-17 10:45:00,7.0,1.8,161,23.7,4.2,88
2024-01-17 11:00:00,7.0,1.7,158,23.5,3.9,89
2024-01-17 11:15:00,7.0,1.8,160,23.7,4.4,88
2024-01-17 11:30:00,6.9,2.1,165,24.1,5.2,86
2024-01-17 11:45:00,6.9,2.4,170,24.5,6.1,83
2024-01-17 12:00:00,6.8,2.8,176,24.9,7.3,80
2024-01-17 12:15:00,6.7,3.2,183,25.4,8.5,77
2024-01-17 12:30:00,6.6,3.6,189,25.8,9.2,74
2024-01-17 12:45:00,6.6,3.9,195,26.2,9.8,71
2024-01-17 13:00:00,6.5,4.2,201,26.5,10.2,68
2024-01-17 13:15:00,6.5,4.4,206,26.8,10.5,66
2024-01-17 13:30:00,6.4,4.6,210,27.0,10.6,64
2024-01-17 13:45:00,6.5,4.4,207,26.9,10.3,66
2024-01-17 14:00:00,6.5,4.2,203,26.6,9.9,68
2024-01-17 14:15:00,6.6,3.9,198,26.3,9.4,70
2024-01-17 14:30:00,6.6,3.7,194,26.0,8.9,72
2024-01-17 14:45:00,6.7,3.4,189,25.7,8.3,75
2024-01-17 15:00:00,6.7,3.1,184,25.3,7.6,77
2024-01-17 15:15:00,6.8,2.9,180,25.0,7.0,79
2024-01-17 15:30:00,6.8,2.6,175,24.7,6.4,81
2024-01-17 15:45:00,6.9,2.4,171,24.4,5.8,83
2024-01-17 16:00:00,6.9,2.2,167,24.1,5.2,85
2024-01-17 16:15:00,7.0,2.0,163,23.9,4.7,86
2024-01-17 16:30:00,7.0,1.8,160,23.7,4.3,88
2024-01-17 16:45:00,7.0,1.9,162,23.9,4.8,87
2024-01-17 17:00:00,6.9,2.2,167,24.3,5.8,85
2024-01-17 17:15:00,6.8,2.6,174,24.7,7.1,82
2024-01-17 17:30:00,6.8,3.0,180,25.2,8.3,78
2024-01-17 17:45:00,6.7,3.4,187,25.6,9.1,75
2024-01-17 18:00:00,6.6,3.7,193,26.0,9.7,72
2024-01-17 18:15:00,6.6,4.0,199,26.3,10.1,70
2024-01-17 18:30:00,6.5,4.2,204,26.6,10.4,67
2024-01-17 18:45:00,6.5,4.1,201,26.4,10.1,69
2024-01-17 19:00:00,6.6,3.8,197,26.2,9.7,71
2024-01-17 19:15:00,6.6,3.6,192,25.9,9.2,73
2024-01-17 19:30:00,6.7,3.3,188,25.6,8.6,75
2024-01-17 19:45:00,6.7,3.0,183,25.2,7.9,78
2024-01-17 20:00:00,6.8,2.7,178,24.9,7.2,80
2024-01-17 20:15:00,6.8,2.5,174,24.6,6.5,82
2024-01-17 20:30:00,6.9,2.2,169,24.2,5.8,84
2024-01-17 20:45:00,6.9,2.0,165,23.9,5.1,86
2024-01-17 21:00:00,7.0,1.8,161,23.6,4.5,88
2024-01-17 21:15:00,7.0,1.6,158,23.3,3.9,89
2024-01-17 21:30:00,7.1,1.4,155,23.1,3.3,91
2024-01-17 21:45:00,7.1,1.3,152,22.9,2.8,92
2024-01-17 22:00:00,7.1,1.2,150,22.7,2.3,93
2024-01-17 22:15:00,7.2,1.1,148,22.5,1.9,94
2024-01-17 22:30:00,7.2,1.0,146,22.3,1.5,94
2024-01-17 22:45:00,7.2,0.9,145,22.2,1.2,95
2024-01-17 23:00:00,7.2,0.9,144,22.1,0.9,95
2024-01-17 23:15:00,7.2,0.8,143,22.0,0.7,95
2024-01-17 23:30:00,7.2,0.8,143,21.9,0.5,96
2024-01-17 23:45:00,7.2,0.8,142,21.8,0.4,96
2024-01-18 00:00:00,7.2,0.8,142,21.8,0.3,96
2024-01-18 00:15:00,7.2,0.8,142,21.7,0.2,96
2024-01-18 00:30:00,7.2,0.8,142,21.7,0.2,96
2024-01-18 00:45:00,7.2,0.7,141,21.7,0.1,96
2024-01-18 01:00:00,7.2,0.7,141,21.7,0.1,96
2024-01-18 01:15:00,7.2,0.7,141,21.7,0.1,96
2024-01-18 01:30:00,7.2,0.7,141,21.7,0.1,96
2024-01-18 01:45:00,7.2,0.7,141,21.6,0.0,96
2024-01-18 02:00:00,7.2,0.7,141,21.6,0.0,96
2024-01-18 02:15:00,7.2,0.7,141,21.6,0.0,96
2024-01-18 02:30:00,7.2,0.7,141,21.6,0.0,96
2024-01-18 02:45:00,7.2,0.7,141,21.6,0.0,96
2024-01-18 03:00:00,7.2,0.7,141,21.6,0.0,96
2024-01-18 03:15:00,7.2,0.7,141,21.6,0.0,96
2024-01-18 03:30:00,7.2,0.7,141,21.6,0.0,96
2024-01-18 03:45:00,7.2,0.7,141,21.6,0.0,96
2024-01-18 04:00:00,7.2,0.7,141,21.6,0.0,96
2024-01-18 04:15:00,7.2,0.7,141,21.6,0.0,96
2024-01-18 04:30:00,7.2,0.7,141,21.6,0.0,96
2024-01-18 04:45:00,7.2,0.7,141,21.6,0.0,96
2024-01-18 05:00:00,7.2,0.7,141,21.6,0.0,96
2024-01-18 05:15:00,7.2,0.7,141,21.7,0.1,96
2024-01-18 05:30:00,7.2,0.8,142,21.8,0.2,96
2024-01-18 05:45:00,7.2,0.8,143,21.9,0.4,95
2024-01-18 06:00:00,7.1,0.9,145,22.1,0.7,94
2024-01-18 06:15:00,7.1,1.0,147,22.3,1.1,93
2024-01-18 06:30:00,7.0,1.2,150,22.6,1.8,92
2024-01-18 06:45:00,7.0,1.5,154,22.9,2.6,90
2024-01-18 07:00:00,6.9,1.7,159,23.3,3.5,88
2024-01-18 07:15:00,6.9,2.0,164,23.7,4.4,86
2024-01-18 07:30:00,6.8,2.3,169,24.1,5.2,83
2024-01-18 07:45:00,6.7,2.6,174,24.5,5.9,81
2024-01-18 08:00:00,6.7,2.9,179,24.8,6.5,79
2024-01-18 08:15:00,6.6,3.1,184,25.2,7.0,76
2024-01-18 08:30:00,6.6,3.4,189,25.5,7.4,74
2024-01-18 08:45:00,6.5,3.6,193,25.8,7.7,72
2024-01-18 09:00:00,6.5,3.8,197,26.0,7.9,70
2024-01-18 09:15:00,6.5,3.9,199,26.1,8.0,69
2024-01-18 09:30:00,6.6,3.7,196,26.0,7.7,71
2024-01-18 09:45:00,6.6,3.5,192,25.8,7.3,73
2024-01-18 10:00:00,6.7,3.2,188,25.5,6.9,75
2024-01-18 10:15:00,6.7,3.0,184,25.2,6.4,77
2024-01-18 10:30:00,6.8,2.7,179,24.9,5.9,79
2024-01-18 10:45:00,6.8,2.5,175,24.6,5.4,81
2024-01-18 11:00:00,6.9,2.3,171,24.3,5.0,83
2024-01-18 11:15:00,6.9,2.4,173,24.5,5.5,82
2024-01-18 11:30:00,6.8,2.7,178,24.9,6.4,80
2024-01-18 11:45:00,6.7,3.1,184,25.3,7.4,77
2024-01-18 12:00:00,6.7,3.5,191,25.8,8.6,73
2024-01-18 12:15:00,6.6,3.9,198,26.2,9.5,70
2024-01-18 12:30:00,6.5,4.3,205,26.7,10.1,66
2024-01-18 12:45:00,6.4,4.6,211,27.0,10.5,63
2024-01-18 13:00:00,6.4,4.9,217,27.4,10.8,60
2024-01-18 13:15:00,6.3,5.1,222,27.6,11.0,58
2024-01-18 13:30:00,6.3,5.3,226,27.8,11.1,56
2024-01-18 13:45:00,6.3,5.2,224,27.7,10.9,57
2024-01-18 14:00:00,6.4,5.0,220,27.5,10.6,59
2024-01-18 14:15:00,6.4,4.7,215,27.2,10.2,62
2024-01-18 14:30:00,6.5,4.5,210,26.9,9.7,64
2024-01-18 14:45:00,6.5,4.2,205,26.6,9.2,67
2024-01-18 15:00:00,6.6,3.9,200,26.3,8.6,69
2024-01-18 15:15:00,6.6,3.6,195,25.9,8.0,72
2024-01-18 15:30:00,6.7,3.3,189,25.6,7.4,74
2024-01-18 15:45:00,6.7,3.1,185,25.2,6.8,76
2024-01-18 16:00:00,6.8,2.8,180,24.9,6.2,79
2024-01-18 16:15:00,6.8,2.6,176,24.6,5.7,80
2024-01-18 16:30:00,6.8,2.5,173,24.4,5.3,82
2024-01-18 16:45:00,6.8,2.6,176,24.6,5.9,81
2024-01-18 17:00:00,6.7,3.0,182,25.1,7.0,78
2024-01-18 17:15:00,6.6,3.4,189,25.6,8.3,74
2024-01-18 17:30:00,6.5,3.9,197,26.1,9.3,70
2024-01-18 17:45:00,6.5,4.3,204,26.5,10.0,67
2024-01-18 18:00:00,6.4,4.6,210,26.9,10.5,64
2024-01-18 18:15:00,6.3,4.9,216,27.2,10.8,61
2024-01-18 18:30:00,6.3,5.1,221,27.5,11.0,59
2024-01-18 18:45:00,6.3,5.0,219,27.4,10.8,60
2024-01-18 19:00:00,6.4,4.8,215,27.1,10.4,62
2024-01-18 19:15:00,6.4,4.5,210,26.8,9.9,65
2024-01-18 19:30:00,6.5,4.2,205,26.5,9.4,67
2024-01-18 19:45:00,6.5,3.9,200,26.1,8.8,70
2024-01-18 20:00:00,6.6,3.6,195,25.8,8.2,72
2024-01-18 20:15:00,6.6,3.3,189,25.4,7.5,75
2024-01-18 20:30:00,6.7,3.0,184,25.1,6.9,77
2024-01-18 20:45:00,6.7,2.8,179,24.7,6.3,79
2024-01-18 21:00:00,6.8,2.5,175,24.4,5.7,81
2024-01-18 21:15:00,6.8,2.3,171,24.1,5.1,83
2024-01-18 21:30:00,6.9,2.1,167,23.8,4.5,85
2024-01-18 21:45:00,6.9,1.9,163,23.5,3.9,87
2024-01-18 22:00:00,7.0,1.7,160,23.2,3.4,88
2024-01-18 22:15:00,7.0,1.5,157,23.0,2.9,90
2024-01-18 22:30:00,7.1,1.4,154,22.8,2.5,91
2024-01-18 22:45:00,7.1,1.2,152,22.6,2.1,92
2024-01-18 23:00:00,7.1,1.1,150,22.4,1.7,93
2024-01-18 23:15:00,7.2,1.0,148,22.3,1.4,94
2024-01-18 23:30:00,7.2,1.0,147,22.2,1.1,94
2024-01-18 23:45:00,7.2,0.9,146,22.1,0.9,95
2024-01-19 00:00:00,7.2,0.9,145,22.0,0.7,95
2024-01-19 00:15:00,7.2,0.8,144,21.9,0.5,95
2024-01-19 00:30:00,7.2,0.8,144,21.8,0.4,95
2024-01-19 00:45:00,7.2,0.8,143,21.8,0.3,96
2024-01-19 01:00:00,7.2,0.8,143,21.7,0.2,96
2024-01-19 01:15:00,7.2,0.8,143,21.7,0.2,96
2024-01-19 01:30:00,7.2,0.8,143,21.7,0.1,96
2024-01-19 01:45:00,7.2,0.8,143,21.7,0.1,96
2024-01-19 02:00:00,7.2,0.8,143,21.7,0.1,96
2024-01-19 02:15:00,7.2,0.8,143,21.7,0.1,96
2024-01-19 02:30:00,7.2,0.8,143,21.7,0.1,96
2024-01-19 02:45:00,7.2,0.8,143,21.7,0.1,96
2024-01-19 03:00:00,7.2,0.8,143,21.7,0.0,96
2024-01-19 03:15:00,7.2,0.8,144,21.7,0.0,95
2024-01-19 03:30:00,7.2,0.8,144,21.7,0.0,95
2024-01-19 03:45:00,7.2,0.9,145,21.8,0.0,95
2024-01-19 04:00:00,7.2,0.9,146,21.8,0.1,94
2024-01-19 04:15:00,7.1,1.0,148,21.9,0.1,94
2024-01-19 04:30:00,7.1,1.1,150,22.0,0.2,93
2024-01-19 04:45:00,7.1,1.2,152,22.1,0.3,92
2024-01-19 05:00:00,7.1,1.3,155,22.2,0.4,91
2024-01-19 05:15:00,7.0,1.5,158,22.4,0.6,90
2024-01-19 05:30:00,7.0,1.6,162,22.6,0.9,89
2024-01-19 05:45:00,7.0,1.8,166,22.8,1.3,87
2024-01-19 06:00:00,6.9,2.0,170,23.1,1.8,86
2024-01-19 06:15:00,6.9,2.3,175,23.4,2.5,83
2024-01-19 06:30:00,6.8,2.6,181,23.8,3.3,80
2024-01-19 06:45:00,6.8,2.9,187,24.2,4.2,77
2024-01-19 07:00:00,6.7,3.2,193,24.6,5.1,74
2024-01-19 07:15:00,6.6,3.5,199,25.0,5.9,71
2024-01-19 07:30:00,6.6,3.8,205,25.4,6.6,68
2024-01-19 07:45:00,6.5,4.1,211,25.8,7.2,65
2024-01-19 08:00:00,6.5,4.4,217,26.2,7.7,63
2024-01-19 08:15:00,6.4,4.6,222,26.5,8.1,60
2024-01-19 08:30:00,6.4,4.9,227,26.8,8.4,58
2024-01-19 08:45:00,6.3,5.1,232,27.1,8.6,56
2024-01-19 09:00:00,6.3,5.3,236,27.3,8.8,54
2024-01-19 09:15:00,6.3,5.5,240,27.5,8.9,52
2024-01-19 09:30:00,6.3,5.4,238,27.4,8.7,53
2024-01-19 09:45:00,6.3,5.2,234,27.2,8.5,55
2024-01-19 10:00:00,6.4,5.0,230,27.0,8.2,57
2024-01-19 10:15:00,6.4,4.8,226,26.7,7.9,59
2024-01-19 10:30:00,6.5,4.5,221,26.4,7.5,61
2024-01-19 10:45:00,6.5,4.3,216,26.1,7.1,64
2024-01-19 11:00:00,6.6,4.0,211,25.8,6.7,66
2024-01-19 11:15:00,6.6,4.2,215,26.0,7.3,64
2024-01-19 11:30:00,6.5,4.5,221,26.4,8.1,61
2024-01-19 11:45:00,6.4,4.9,228,26.9,9.0,58
2024-01-19 12:00:00,6.4,5.3,236,27.3,9.8,54
2024-01-19 12:15:00,6.3,5.7,244,27.8,10.5,50
2024-01-19 12:30:00,6.2,6.0,251,28.2,11.0,47
2024-01-19 12:45:00,6.2,6.3,258,28.5,11.3,44
2024-01-19 13:00:00,6.1,6.6,264,28.8,11.5,42
2024-01-19 13:15:00,6.1,6.8,270,29.1,11.7,40
2024-01-19 13:30:00,6.0,7.0,275,29.3,11.8,38
2024-01-19 13:45:00,6.1,6.8,272,29.2,11.6,40
2024-01-19 14:00:00,6.1,6.6,267,28.9,11.3,42
2024-01-19 14:15:00,6.2,6.3,262,28.6,10.9,44
2024-01-19 14:30:00,6.2,6.0,256,28.3,10.5,47
2024-01-19 14:45:00,6.3,5.7,250,27.9,10.0,50
2024-01-19 15:00:00,6.3,5.4,244,27.6,9.5,52
2024-01-19 15:15:00,6.4,5.1,238,27.2,8.9,55
2024-01-19 15:30:00,6.4,4.8,232,26.8,8.4,58
2024-01-19 15:45:00,6.5,4.5,226,26.4,7.8,60
2024-01-19 16:00:00,6.5,4.3,221,26.1,7.3,62
2024-01-19 16:15:00,6.6,4.0,216,25.8,6.8,65
2024-01-19 16:30:00,6.6,3.9,213,25.6,6.5,66
2024-01-19 16:45:00,6.5,4.2,218,25.9,7.3,64
2024-01-19 17:00:00,6.5,4.6,225,26.4,8.4,60
2024-01-19 17:15:00,6.4,5.1,233,26.9,9.5,56
2024-01-19 17:30:00,6.3,5.5,241,27.4,10.3,52
2024-01-19 17:45:00,6.2,5.9,249,27.9,11.0,49
2024-01-19 18:00:00,6.2,6.3,257,28.3,11.5,45
2024-01-19 18:15:00,6.1,6.6,264,28.7,11.8,42
2024-01-19 18:30:00,6.1,6.9,271,29.0,12.0,40
2024-01-19 18:45:00,6.1,6.7,268,28.9,11.8,41
2024-01-19 19:00:00,6.1,6.5,264,28.6,11.5,43
2024-01-19 19:15:00,6.2,6.2,259,28.3,11.0,46
2024-01-19 19:30:00,6.2,5.9,253,27.9,10.5,48
2024-01-19 19:45:00,6.3,5.6,247,27.6,9.9,51
2024-01-19 20:00:00,6.3,5.3,241,27.2,9.3,53
2024-01-19 20:15:00,6.4,5.0,235,26.8,8.7,56
2024-01-19 20:30:00,6.4,4.7,229,26.4,8.1,59
2024-01-19 20:45:00,6.5,4.4,223,26.0,7.5,61
2024-01-19 21:00:00,6.5,4.1,217,25.6,6.9,64
2024-01-19 21:15:00,6.6,3.8,211,25.2,6.3,67
2024-01-19 21:30:00,6.6,3.5,205,24.8,5.7,69
2024-01-19 21:45:00,6.7,3.2,199,24.4,5.1,72
2024-01-19 22:00:00,6.7,2.9,193,24.0,4.6,75
2024-01-19 22:15:00,6.8,2.7,188,23.7,4.1,77
2024-01-19 22:30:00,6.8,2.4,183,23.4,3.6,79
2024-01-19 22:45:00,6.9,2.2,178,23.1,3.1,81
2024-01-19 23:00:00,6.9,2.0,174,22.8,2.7,83
2024-01-19 23:15:00,7.0,1.8,170,22.6,2.3,85
2024-01-19 23:30:00,7.0,1.7,167,22.4,2.0,86
2024-01-19 23:45:00,7.0,1.5,164,22.2,1.7,88
2024-01-20 00:00:00,7.1,1.4,162,22.1,1.4,89
2024-01-20 00:15:00,7.1,1.3,159,22.0,1.2,90
2024-01-20 00:30:00,7.1,1.2,157,21.9,1.0,91
2024-01-20 00:45:00,7.1,1.1,155,21.8,0.8,92
2024-01-20 01:00:00,7.1,1.1,154,21.7,0.7,92
2024-01-20 01:15:00,7.1,1.0,153,21.7,0.6,92
2024-01-20 01:30:00,7.1,1.0,152,21.6,0.5,93
2024-01-20 01:45:00,7.2,1.0,152,21.6,0.4,93
2024-01-20 02:00:00,7.2,0.9,151,21.6,0.3,93
2024-01-20 02:15:00,7.2,0.9,151,21.6,0.3,93
2024-01-20 02:30:00,7.2,0.9,151,21.6,0.2,93
2024-01-20 02:45:00,7.2,0.9,151,21.6,0.2,93
2024-01-20 03:00:00,7.2,0.9,151,21.6,0.2,93
2024-01-20 03:15:00,7.2,0.9,151,21.6,0.2,93
2024-01-20 03:30:00,7.2,0.9,151,21.6,0.2,93
2024-01-20 03:45:00,7.2,0.9,151,21.6,0.1,93
2024-01-20 04:00:00,7.2,0.9,151,21.6,0.1,93
2024-01-20 04:15:00,7.2,0.9,151,21.6,0.1,93
2024-01-20 04:30:00,7.2,0.9,152,21.7,0.1,93
2024-01-20 04:45:00,7.2,1.0,153,21.7,0.2,92
2024-01-20 05:00:00,7.1,1.0,154,21.8,0.3,92
2024-01-20 05:15:00,7.1,1.1,156,21.9,0.5,91
2024-01-20 05:30:00,7.1,1.2,158,22.0,0.7,90
2024-01-20 05:45:00,7.1,1.3,161,22.2,1.0,89
2024-01-20 06:00:00,7.0,1.5,164,22.4,1.5,88
2024-01-20 06:15:00,7.0,1.7,168,22.7,2.1,86
2024-01-20 06:30:00,6.9,2.0,173,23.0,2.9,84
2024-01-20 06:45:00,6.9,2.3,178,23.4,3.8,81
2024-01-20 07:00:00,6.8,2.6,184,23.8,4.7,78
2024-01-20 07:15:00,6.7,2.9,190,24.2,5.5,75
2024-01-20 07:30:00,6.7,3.2,196,24.6,6.3,72
2024-01-20 07:45:00,6.6,3.5,202,25.0,7.0,69
2024-01-20 08:00:00,6.6,3.8,208,25.4,7.6,67
2024-01-20 08:15:00,6.5,4.1,214,25.8,8.1,64
2024-01-20 08:30:00,6.5,4.4,220,26.1,8.5,61
2024-01-20 08:45:00,6.4,4.6,225,26.4,8.8,59
2024-01-20 09:00:00,6.4,4.8,230,26.7,9.1,57
2024-01-20 09:15:00,6.3,5.0,234,26.9,9.3,55
2024-01-20 09:30:00,6.3,5.2,238,27.1,9.4,53
2024-01-20 09:45:00,6.4,5.0,235,27.0,9.2,55
2024-01-20 10:00:00,6.4,4.8,231,26.8,8.9,57
2024-01-20 10:15:00,6.5,4.6,227,26.5,8.5,59
2024-01-20 10:30:00,6.5,4.3,222,26.2,8.1,62
2024-01-20 10:45:00,6.6,4.1,218,25.9,7.6,64
2024-01-20 11:00:00,6.6,3.8,213,25.6,7.2,67
2024-01-20 11:15:00,6.6,4.0,216,25.8,7.7,65
2024-01-20 11:30:00,6.5,4.4,222,26.2,8.5,61
2024-01-20 11:45:00,6.5,4.8,229,26.7,9.3,58
2024-01-20 12:00:00,6.4,5.2,237,27.2,10.1,54
2024-01-20 12:15:00,6.3,5.6,245,27.7,10.8,51
2024-01-20 12:30:00,6.2,6.0,253,28.1,11.3,47
2024-01-20 12:45:00,6.2,6.3,260,28.5,11.7,44
2024-01-20 13:00:00,6.1,6.6,267,28.9,12.0,42
2024-01-20 13:15:00,6.1,6.9,274,29.2,12.2,39
2024-01-20 13:30:00,6.0,7.1,280,29.5,12.3,37
2024-01-20 13:45:00,6.0,7.0,277,29.3,12.1,38
2024-01-20 14:00:00,6.1,6.7,272,29.0,11.8,41
2024-01-20 14:15:00,6.1,6.5,267,28.7,11.4,43
2024-01-20 14:30:00,6.2,6.2,261,28.3,10.9,45
2024-01-20 14:45:00,6.2,5.9,255,27.9,10.4,48
2024-01-20 15:00:00,6.3,5.6,249,27.5,9.8,51
2024-01-20 15:15:00,6.3,5.3,243,27.1,9.2,53
2024-01-20 15:30:00,6.4,5.0,237,26.7,8.6,56
2024-01-20 15:45:00,6.4,4.7,231,26.3,8.0,58
2024-01-20 16:00:00,6.5,4.4,225,25.9,7.4,61
2024-01-20 16:15:00,6.5,4.2,220,25.6,6.9,63
2024-01-20 16:30:00,6.6,4.0,216,25.4,6.5,65
2024-01-20 16:45:00,6.5,4.3,221,25.7,7.3,62
2024-01-20 17:00:00,6.5,4.7,228,26.2,8.4,59
2024-01-20 17:15:00,6.4,5.2,236,26.8,9.4,55
2024-01-20 17:30:00,6.3,5.6,244,27.3,10.2,51
2024-01-20 17:45:00,6.2,6.0,252,27.8,10.9,48
2024-01-20 18:00:00,6.2,6.4,259,28.2,11.4,45
2024-01-20 18:15:00,6.1,6.7,266,28.6,11.8,42
2024-01-20 18:30:00,6.1,7.0,273,28.9,12.0,40
2024-01-20 18:45:00,6.1,6.8,270,28.8,11.8,41
2024-01-20 19:00:00,6.1,6.6,266,28.5,11.5,43
2024-01-20 19:15:00,6.2,6.3,261,28.2,11.1,45
2024-01-20 19:30:00,6.2,6.0,255,27.8,10.6,48
2024-01-20 19:45:00,6.3,5.7,249,27.4,10.0,50
2024-01-20 20:00:00,6.3,5.4,243,27.0,9.4,53
2024-01-20 20:15:00,6.4,5.1,237,26.6,8.8,56
2024-01-20 20:30:00,6.4,4.8,231,26.2,8.2,58
2024-01-20 20:45:00,6.5,4.5,225,25.8,7.6,61
2024-01-20 21:00:00,6.5,4.2,219,25.4,7.0,63
2024-01-20 21:15:00,6.6,3.9,213,25.0,6.4,66
2024-01-20 21:30:00,6.6,3.6,207,24.6,5.8,69
2024-01-20 21:45:00,6.7,3.3,201,24.2,5.2,71
2024-01-20 22:00:00,6.7,3.0,195,23.8,4.7,74
2024-01-20 22:15:00,6.8,2.8,190,23.5,4.2,76
2024-01-20 22:30:00,6.8,2.5,185,23.2,3.7,78
2024-01-20 22:45:00,6.9,2.3,180,22.9,3.2,80
2024-01-20 23:00:00,6.9,2.1,176,22.6,2.8,82
2024-01-20 23:15:00,7.0,1.9,172,22.4,2.4,84
2024-01-20 23:30:00,7.0,1.7,168,22.2,2.1,86
2024-01-20 23:45:00,7.0,1.6,165,22.0,1.8,87
2024-01-21 00:00:00,7.1,1.4,162,21.9,1.5,89
2024-01-21 00:15:00,7.1,1.3,160,21.8,1.3,90
2024-01-21 00:30:00,7.1,1.2,158,21.7,1.1,91
2024-01-21 00:45:00,7.1,1.1,156,21.6,0.9,91
2024-01-21 01:00:00,7.1,1.1,155,21.6,0.8,92
2024-01-21 01:15:00,7.1,1.0,154,21.5,0.7,92
2024-01-21 01:30:00,7.2,1.0,153,21.5,0.6,92
2024-01-21 01:45:00,7.2,1.0,153,21.5,0.5,92
2024-01-21 02:00:00,7.2,0.9,152,21.5,0.4,93
2024-01-21 02:15:00,7.2,0.9,152,21.5,0.4,93
2024-01-21 02:30:00,7.2,0.9,152,21.5,0.3,93
2024-01-21 02:45:00,7.2,0.9,152,21.5,0.3,93
2024-01-21 03:00:00,7.2,0.9,152,21.5,0.3,93
2024-01-21 03:15:00,7.2,0.9,152,21.5,0.2,93
2024-01-21 03:30:00,7.2,0.9,152,21.5,0.2,93
2024-01-21 03:45:00,7.2,0.9,152,21.5,0.2,93
2024-01-21 04:00:00,7.2,0.9,152,21.5,0.2,93
2024-01-21 04:15:00,7.2,0.9,152,21.5,0.2,93
2024-01-21 04:30:00,7.2,0.9,152,21.5,0.2,93
2024-01-21 04:45:00,7.2,0.9,153,21.6,0.2,93
2024-01-21 05:00:00,7.2,1.0,153,21.6,0.3,92
2024-01-21 05:15:00,7.1,1.0,154,21.7,0.4,92
2024-01-21 05:30:00,7.1,1.1,155,21.8,0.6,91
2024-01-21 05:45:00,7.1,1.2,157,21.9,0.9,90
2024-01-21 06:00:00,7.1,1.3,159,22.1,1.2,90
2024-01-21 06:15:00,7.0,1.5,162,22.3,1.7,88
2024-01-21 06:30:00,7.0,1.7,166,22.6,2.4,87
2024-01-21 06:45:00,6.9,2.0,171,23.0,3.2,84
2024-01-21 07:00:00,6.9,2.3,176,23.4,4.1,81
2024-01-21 07:15:00,6.8,2.6,182,23.8,5.0,78
2024-01-21 07:30:00,6.7,2.9,188,24.2,5.8,76
2024-01-21 07:45:00,6.7,3.2,194,24.6,6.5,73
2024-01-21 08:00:00,6.6,3.5,200,25.0,7.2,70
2024-01-21 08:15:00,6.6,3.8,206,25.4,7.8,67
2024-01-21 08:30:00,6.5,4.1,212,25.8,8.3,64
2024-01-21 08:45:00,6.5,4.4,218,26.1,8.7,62
2024-01-21 09:00:00,6.4,4.6,223,26.4,9.0,59
2024-01-21 09:15:00,6.4,4.8,228,26.7,9.3,57
2024-01-21 09:30:00,6.3,5.0,233,26.9,9.5,55
2024-01-21 09:45:00,6.4,4.9,230,26.8,9.3,56
2024-01-21 10:00:00,6.4,4.7,226,26.6,9.0,58
2024-01-21 10:15:00,6.5,4.5,222,26.3,8.6,60
2024-01-21 10:30:00,6.5,4.2,217,26.0,8.2,63
2024-01-21 10:45:00,6.6,4.0,213,25.7,7.7,65
2024-01-21 11:00:00,6.6,3.7,209,25.4,7.3,67
2024-01-21 11:15:00,6.6,3.9,212,25.6,7.8,66
2024-01-21 11:30:00,6.5,4.3,218,26.0,8.6,62
2024-01-21 11:45:00,6.5,4.7,225,26.5,9.4,59
2024-01-21 12:00:00,6.4,5.1,233,27.0,10.2,55
2024-01-21 12:15:00,6.3,5.5,241,27.5,10.9,52
2024-01-21 12:30:00,6.2,5.9,249,28.0,11.5,48
2024-01-21 12:45:00,6.2,6.3,257,28.4,11.9,45
2024-01-21 13:00:00,6.1,6.6,264,28.8,12.2,42
2024-01-21 13:15:00,6.1,6.9,271,29.1,12.4,40
2024-01-21 13:30:00,6.0,7.2,277,29.4,12.5,37
2024-01-21 13:45:00,6.0,7.0,274,29.2,12.3,39
2024-01-21 14:00:00,6.1,6.8,270,28.9,12.0,41
2024-01-21 14:15:00,6.1,6.5,265,28.6,11.6,43
2024-01-21 14:30:00,6.2,6.2,259,28.2,11.1,46
2024-01-21 14:45:00,6.2,5.9,253,27.8,10.6,48
2024-01-21 15:00:00,6.3,5.6,247,27.4,10.0,51
2024-01-21 15:15:00,6.3,5.3,241,27.0,9.4,54
2024-01-21 15:30:00,6.4,5.0,235,26.6,8.8,56
2024-01-21 15:45:00,6.4,4.7,229,26.2,8.2,59
2024-01-21 16:00:00,6.5,4.4,223,25.8,7.6,61
2024-01-21 16:15:00,6.5,4.1,218,25.5,7.1,64
2024-01-21 16:30:00,6.6,3.9,214,25.3,6.7,66
2024-01-21 16:45:00,6.5,4.2,219,25.6,7.5,63
2024-01-21 17:00:00,6.5,4.6,226,26.1,8.6,60
2024-01-21 17:15:00,6.4,5.1,234,26.6,9.6,56
2024-01-21 17:30:00,6.3,5.5,242,27.2,10.4,52
2024-01-21 17:45:00,6.2,5.9,250,27.7,11.1,49
2024-01-21 18:00:00,6.2,6.3,258,28.1,11.6,46
2024-01-21 18:15:00,6.1,6.7,265,28.5,12.0,43
2024-01-21 18:30:00,6.1,6.9,272,28.8,12.2,40
2024-01-21 18:45:00,6.1,6.8,269,28.7,12.0,41
2024-01-21 19:00:00,6.1,6.5,265,28.4,11.7,43
2024-01-21 19:15:00,6.2,6.3,260,28.1,11.3,45
2024-01-21 19:30:00,6.2,6.0,254,27.7,10.8,48
2024-01-21 19:45:00,6.3,5.7,248,27.3,10.2,50
2024-01-21 20:00:00,6.3,5.4,242,26.9,9.6,53
2024-01-21 20:15:00,6.4,5.1,236,26.5,9.0,55
2024-01-21 20:30:00,6.4,4.8,230,26.1,8.4,58
2024-01-21 20:45:00,6.5,4.5,224,25.7,7.8,60
2024-01-21 21:00:00,6.5,4.2,218,25.3,7.2,63
2024-01-21 21:15:00,6.6,3.9,212,24.9,6.6,66
2024-01-21 21:30:00,6.6,3.6,206,24.5,6.0,68
2024-01-21 21:45:00,6.7,3.3,200,24.1,5.4,71
2024-01-21 22:00:00,6.7,3.0,194,23.7,4.9,74
2024-01-21 22:15:00,6.8,2.8,189,23.4,4.4,76
2024-01-21 22:30:00,6.8,2.5,184,23.1,3.9,78
2024-01-21 22:45:00,6.9,2.3,179,22.8,3.5,80
2024-01-21 23:00:00,6.9,2.1,175,22.5,3.0,82
2024-01-21 23:15:00,7.0,1.9,171,22.3,2.6,84
2024-01-21 23:30:00,7.0,1.7,167,22.1,2.3,86
2024-01-21 23:45:00,7.0,1.6,164,21.9,1.9,87
2024-01-22 00:00:00,7.1,1.4,161,21.8,1.6,89
2024-01-22 00:15:00,7.1,1.3,159,21.7,1.4,90
2024-01-22 00:30:00,7.1,1.2,157,21.6,1.2,91
2024-01-22 00:45:00,7.1,1.1,155,21.5,1.0,91
2024-01-22 01:00:00,7.1,1.1,154,21.5,0.8,92
2024-01-22 01:15:00,7.1,1.0,153,21.4,0.7,92
2024-01-22 01:30:00,7.2,1.0,152,21.4,0.6,92
2024-01-22 01:45:00,7.2,1.0,152,21.4,0.5,93
2024-01-22 02:00:00,7.2,0.9,151,21.4,0.4,93
2024-01-22 02:15:00,7.2,0.9,151,21.4,0.4,93
2024-01-22 02:30:00,7.2,0.9,151,21.4,0.3,93
2024-01-22 02:45:00,7.2,0.9,151,21.4,0.3,93
2024-01-22 03:00:00,7.2,0.9,151,21.4,0.3,93
2024-01-22 03:15:00,7.2,0.9,151,21.4,0.2,93
2024-01-22 03:30:00,7.2,0.9,151,21.4,0.2,93
2024-01-22 03:45:00,7.2,0.9,151,21.4,0.2,93
2024-01-22 04:00:00,7.2,0.9,151,21.4,0.2,93
2024-01-22 04:15:00,7.2,0.9,151,21.4,0.2,93
2024-01-22 04:30:00,7.2,0.9,151,21.4,0.2,93
2024-01-22 04:45:00,7.2,0.9,152,21.5,0.2,93
2024-01-22 05:00:00,7.2,1.0,152,21.5,0.3,92
2024-01-22 05:15:00,7.1,1.0,153,21.6,0.5,92
2024-01-22 05:30:00,7.1,1.1,155,21.7,0.7,91
2024-01-22 05:45:00,7.1,1.2,157,21.9,1.0,90
2024-01-22 06:00:00,7.1,1.4,159,22.1,1.4,89
2024-01-22 06:15:00,7.0,1.6,163,22.4,2.0,88
2024-01-22 06:30:00,7.0,1.8,167,22.7,2.7,86
2024-01-22 06:45:00,6.9,2.1,172,23.1,3.6,84
2024-01-22 07:00:00,6.9,2.4,177,23.5,4.5,81
2024-01-22 07:15:00,6.8,2.7,183,23.9,5.4,78
2024-01-22 07:30:00,6.7,3.0,189,24.3,6.2,75
2024-01-22 07:45:00,6.7,3.3,195,24.7,6.9,72
2024-01-22 08:00:00,6.6,3.6,201,25.1,7.5,70
2024-01-22 08:15:00,6.6,3.9,207,25.5,8.1,67
2024-01-22 08:30:00,6.5,4.2,213,25.9,8.6,64
2024-01-22 08:45:00,6.5,4.5,219,26.2,9.0,62
2024-01-22 09:00:00,6.4,4.7,224,26.5,9.3,59
2024-01-22 09:15:00,6.4,4.9,229,26.8,9.6,57
2024-01-22 09:30:00,6.3,5.1,234,27.0,9.8,55
2024-01-22 09:45:00,6.4,5.0,231,26.9,9.6,56
2024-01-22 10:00:00,6.4,4.8,227,26.7,9.3,58
2024-01-22 10:15:00,6.5,4.6,223,26.4,8.9,60
2024-01-22 10:30:00,6.5,4.3,218,26.1,8.5,62
2024-01-22 10:45:00,6.6,4.1,214,25.8,8.0,65
2024-01-22 11:00:00,6.6,3.8,210,25.5,7.6,67
2024-01-22 11:15:00,6.6,4.0,213,25.7,8.1,65
2024-01-22 11:30:00,6.5,4.4,220,26.2,8.9,62
2024-01-22 11:45:00,6.4,4.8,227,26.7,9.7,58
2024-01-22 12:00:00,6.4,5.3,235,27.2,10.5,54
2024-01-22 12:15:00,6.3,5.7,243,27.7,11.2,51
2024-01-22 12:30:00,6.2,6.1,251,28.2,11.8,47
2024-01-22 12:45:00,6.1,6.5,259,28.6,12.2,44
2024-01-22 13:00:00,6.1,6.8,266,29.0,12.5,41
2024-01-22 13:15:00,6.0,7.1,273,29.3,12.7,39
2024-01-22 13:30:00,6.0,7.3,279,29.6,12.8,36
2024-01-22 13:45:00,6.0,7.2,276,29.4,12.6,38
2024-01-22 14:00:00,6.1,6.9,271,29.1,12.3,40
2024-01-22 14:15:00,6.1,6.6,266,28.7,11.9,42
2024-01-22 14:30:00,6.2,6.3,260,28.3,11.4,45
2024-01-22 14:45:00,6.2,6.0,254,27.9,10.9,47
2024-01-22 15:00:00,6.3,5.7,248,27.5,10.3,50
2024-01-22 15:15:00,6.3,5.4,242,27.1,9.7,53
2024-01-22 15:30:00,6.4,5.1,236,26.7,9.1,55
2024-01-22 15:45:00,6.4,4.8,230,26.3,8.5,58
2024-01-22 16:00:00,6.5,4.5,224,25.9,7.9,61
2024-01-22 16:15:00,6.5,4.2,219,25.6,7.4,63
2024-01-22 16:30:00,6.6,4.0,215,25.4,7.0,65
2024-01-22 16:45:00,6.5,4.3,220,25.7,7.8,63
2024-01-22 17:00:00,6.4,4.8,228,26.3,8.9,59
2024-01-22 17:15:00,6.4,5.2,236,26.8,9.9,55
2024-01-22 17:30:00,6.3,5.7,244,27.4,10.7,51
2024-01-22 17:45:00,6.2,6.1,252,27.9,11.4,48
2024-01-22 18:00:00,6.1,6.5,260,28.3,11.9,45
2024-01-22 18:15:00,6.1,6.8,267,28.7,12.3,42
2024-01-22 18:30:00,6.0,7.1,274,29.0,12.5,39
2024-01-22 18:45:00,6.0,7.0,271,28.9,12.3,40
2024-01-22 19:00:00,6.1,6.7,267,28.6,12.0,42
2024-01-22 19:15:00,6.1,6.4,262,28.2,11.6,44
2024-01-22 19:30:00,6.2,6.1,256,27.8,11.1,47
2024-01-22 19:45:00,6.2,5.8,250,27.4,10.5,49
2024-01-22 20:00:00,6.3,5.5,244,27.0,9.9,52
2024-01-22 20:15:00,6.3,5.2,238,26.6,9.3,54
2024-01-22 20:30:00,6.4,4.9,232,26.2,8.7,57
2024-01-22 20:45:00,6.4,4.6,226,25.8,8.1,60
2024-01-22 21:00:00,6.5,4.3,220,25.4,7.5,62
2024-01-22 21:15:00,6.5,4.0,214,25.0,6.9,65
2024-01-22 21:30:00,6.6,3.7,208,24.6,6.3,68
2024-01-22 21:45:00,6.6,3.4,202,24.2,5.7,70
2024-01-22 22:00:00,6.7,3.1,196,23.8,5.2,73
2024-01-22 22:15:00,6.7,2.9,191,23.5,4.7,75
2024-01-22 22:30:00,6.8,2.6,186,23.2,4.2,77
2024-01-22 22:45:00,6.8,2.4,181,22.9,3.7,79
2024-01-22 23:00:00,6.9,2.2,177,22.6,3.3,81
2024-01-22 23:15:00,6.9,2.0,173,22.4,2.9,83
2024-01-22 23:30:00,7.0,1.8,169,22.2,2.5,85
2024-01-22 23:45:00,7.0,1.7,166,22.0,2.1,86
2024-01-23 00:00:00,7.0,1.5,163,21.9,1.8,88
2024-01-23 00:15:00,7.1,1.4,161,21.8,1.5,89
2024-01-23 00:30:00,7.1,1.3,159,21.7,1.3,90
2024-01-23 00:45:00,7.1,1.2,157,21.6,1.1,91
2024-01-23 01:00:00,7.1,1.1,155,21.5,0.9,91
2024-01-23 01:15:00,7.1,1.1,154,21.5,0.8,92
2024-01-23 01:30:00,7.2,1.0,153,21.4,0.7,92
2024-01-23 01:45:00,7.2,1.0,152,21.4,0.6,92
2024-01-23 02:00:00,7.2,1.0,152,21.4,0.5,93
2024-01-23 02:15:00,7.2,0.9,151,21.4,0.4,93
2024-01-23 02:30:00,7.2,0.9,151,21.4,0.4,93
2024-01-23 02:45:00,7.2,0.9,151,21.4,0.3,93
2024-01-23 03:00:00,7.2,0.9,151,21.4,0.3,93
2024-01-23 03:15:00,7.2,0.9,151,21.4,0.3,93
2024-01-23 03:30:00,7.2,0.9,151,21.4,0.2,93
2024-01-23 03:45:00,7.2,0.9,151,21.4,0.2,93
2024-01-23 04:00:00,7.2,0.9,151,21.4,0.2,93
2024-01-23 04:15:00,7.2,0.9,151,21.4,0.2,93
2024-01-23 04:30:00,7.2,0.9,151,21.4,0.2,93
2024-01-23 04:45:00,7.2,0.9,152,21.5,0.2,93
2024-01-23 05:00:00,7.2,1.0,152,21.5,0.3,92
2024-01-23 05:15:00,7.1,1.0,153,21.6,0.5,92
2024-01-23 05:30:00,7.1,1.1,155,21.7,0.7,91
2024-01-23 05:45:00,7.1,1.2,157,21.9,1.0,90
2024-01-23 06:00:00,7.1,1.4,160,22.1,1.4,89
2024-01-23 06:15:00,7.0,1.6,164,22.4,2.0,88
2024-01-23 06:30:00,7.0,1.8,168,22.7,2.8,86
2024-01-23 06:45:00,6.9,2.1,173,23.1,3.7,84
2024-01-23 07:00:00,6.9,2.4,179,23.5,4.6,81
2024-01-23 07:15:00,6.8,2.8,185,23.9,5.5,78
2024-01-23 07:30:00,6.7,3.1,191,24.4,6.3,75
2024-01-23 07:45:00,6.7,3.4,197,24.8,7.0,72
2024-01-23 08:00:00,6.6,3.7,203,25.2,7.7,69
2024-01-23 08:15:00,6.6,4.0,209,25.6,8.3,66
2024-01-23 08:30:00,6.5,4.3,215,26.0,8.8,64
2024-01-23 08:45:00,6.5,4.6,221,26.3,9.2,61
2024-01-23 09:00:00,6.4,4.8,226,26.6,9.6,59
2024-01-23 09:15:00,6.4,5.0,231,26.9,9.9,57
2024-01-23 09:30:00,6.3,5.2,236,27.1,10.1,54
2024-01-23 09:45:00,6.4,5.1,233,27.0,9.9,56
2024-01-23 10:00:00,6.4,4.9,229,26.8,9.6,57
2024-01-23 10:15:00,6.5,4.7,225,26.5,9.2,59
2024-01-23 10:30:00,6.5,4.4,220,26.2,8.7,62
2024-01-23 10:45:00,6.6,4.2,216,25.9,8.3,64
2024-01-23 11:00:00,6.6,3.9,212,25.6,7.8,66
2024-01-23 11:15:00,6.6,4.1,215,25.8,8.4,65
2024-01-23 11:30:00,6.5,4.5,222,26.3,9.2,61
2024-01-23 11:45:00,6.4,5.0,230,26.8,10.0,57
2024-01-23 12:00:00,6.4,5.4,238,27.4,10.8,53
2024-01-23 12:15:00,6.3,5.8,246,27.9,11.5,50
2024-01-23 12:30:00,6.2,6.2,254,28.4,12.0,46
2024-01-23 12:45:00,6.1,6.6,262,28.8,12.4,43
2024-01-23 13:00:00,6.1,6.9,269,29.2,12.7,41
2024-01-23 13:15:00,6.0,7.2,276,29.5,12.9,38
2024-01-23 13:30:00,6.0,7.4,282,29.8,13.0,35
2024-01-23 13:45:00,6.0,7.3,279,29.6,12.8,37
2024-01-23 14:00:00,6.0,7.0,274,29.3,12.5,39
2024-01-23 14:15:00,6.1,6.7,269,28.9,12.1,41
2024-01-23 14:30:00,6.1,6.4,263,28.5,11.6,44
2024-01-23 14:45:00,6.2,6.1,257,28.1,11.1,46
2024-01-23 15:00:00,6.2,5.8,251,27.7,10.5,49
2024-01-23 15:15:00,6.3,5.5,245,27.3,9.9,51
2024-01-23 15:30:00,6.3,5.2,239,26.9,9.3,54
2024-01-23 15:45:00,6.4,4.9,233,26.5,8.7,57
2024-01-23 16:00:00,6.4,4.6,227,26.1,8.1,59
2024-01-23 16:15:00,6.5,4.3,221,25.7,7.6,62
2024-01-23 16:30:00,6.5,4.1,217,25.5,7.2,64
2024-01-23 16:45:00,6.5,4.4,222,25.8,8.0,62
2024-01-23 17:00:00,6.4,4.9,230,26.4,9.1,58
2024-01-23 17:15:00,6.3,5.4,238,27.0,10.1,54
2024-01-23 17:30:00,6.3,5.8,247,27.6,11.0,50
2024-01-23 17:45:00,6.2,6.3,255,28.1,11.7,46
2024-01-23 18:00:00,6.1,6.7,263,28.5,12.2,43
2024-01-23 18:15:00,6.1,7.0,270,28.9,12.5,40
2024-01-23 18:30:00,6.0,7.3,277,29.2,12.7,38
2024-01-23 18:45:00,6.0,7.1,274,29.1,12.5,39
2024-01-23 19:00:00,6.1,6.9,270,28.8,12.2,41
2024-01-23 19:15:00,6.1,6.6,265,28.4,11.8,43
2024-01-23 19:30:00,6.2,6.3,259,28.0,11.3,46
2024-01-23 19:45:00,6.2,6.0,253,27.6,10.7,48
2024-01-23 20:00:00,6.3,5.7,247,27.2,10.1,51
2024-01-23 20:15:00,6.3,5.4,241,26.8,9.5,53
2024-01-23 20:30:00,6.4,5.1,235,26.4,8.9,56
2024-01-23 20:45:00,6.4,4.8,229,26.0,8.3,58
2024-01-23 21:00:00,6.5,4.5,223,25.6,7.7,61
2024-01-23 21:15:00,6.5,4.2,217,25.2,7.1,64
2024-01-23 21:30:00,6.6,3.9,211,24.8,6.5,66
2024-01-23 21:45:00,6.6,3.6,205,24.4,5.9,69
2024-01-23 22:00:00,6.7,3.3,199,24.0,5.4,72
2024-01-23 22:15:00,6.7,3.0,193,23.7,4.9,74
2024-01-23 22:30:00,6.8,2.8,188,23.4,4.4,77
2024-01-23 22:45:00,6.8,2.5,183,23.1,3.9,79
2024-01-23 23:00:00,6.9,2.3,179,22.8,3.5,81
2024-01-23 23:15:00,6.9,2.1,175,22.5,3.1,83
2024-01-23 23:30:00,7.0,1.9,171,22.3,2.7,84
2024-01-23 23:45:00,7.0,1.8,168,22.1,2.3,86